{
  "Score": {
    "体の向きと距離": 3.1279368438761015,
    "声の変化": 1.78894770662468,
    "明晰さ": 3.5644505111602864,
    "流暢さ": 3.452411233505096,
    "表情": 1,
    "視線": 2.7428650401406456,
    "相手との関係性を壊さないような話しかた": 2.030308806565621
  },
  "PositiveComment": "明晰さがよかったと思います。断られた理由がはっきり伝わり、相手に納得してもらえるので良いコミュニケーションができそうです！",
  "NegativeComment": "表情についてはもう少し意識できると、よりよいコミュニケーションがとれそうです。眉間を上に引き上げて、眉尻を下に下げて、困ったような顔をすると、いいかもしれません。頑張ってみてください！"
}